paraid,LUGAR,Latitude,Longitude,Descricao,Tags
0,Entrada,-10.6817430,-37.4364287,"Entrada principal.","Entrada"
1,Xerox,-10.6817772,-37.4357699,"Fornece serviços de cópias e impressões.","Hall"
2,Curva Estufa,-10.6815710,-37.4361143,"Curva de acesso à estufa.","Corredor"
3,Nippec,-10.6815766,-37.4359238,"Núcleo Integrado de Pós-Graduação e Pesquisa em Educação e Ciência.","Pesquisa, Corredor"
4,Porta Nippec,-10.6814860,-37.4359526,"Porta de acesso à area da Nippec.","Entrada, Corredor"
35,Estufa,-10.6814553,-37.4359154,"Estufa para cultivo de plantas, utilizada em cursos relacionados.",""
5,Curva Nippec,-10.6815710,-37.4361143,"Curva de acesso à Nippec.","Corredor"
6,Encruzilhada Reforma,-10.681730,-37.436219,"Acesso proibido devido a reforma.","Bloco D, Corredor"
34,Acesso Rampa Bloco D,-10.681968,-37.436244,"Rampa para acesso ao Bloco D.","Bloco D, Rampa"
7,Bancos,-10.6816329,-37.4363171,"Bancos para relaxamento dos alunos, em frente à entrada do Bloco D.","Bloco D, Corredor"
8,Terreo Bloco D,-10.6816306,-37.4364576,"Hall de entrada do Bloco D.","Bloco D, Entrada, Hall"
10,008D,-10.6817720,-37.4364562,"Uma das maiores Salas localizada no Bloco D, equipada com projetor, acesso a Wi-Fi e ar-condicionado.", "Bloco D, Sala de aula"
9,001D,-10.6817641,-37.4364217,"Sala de aula equipada com projetor, acesso a Wi-Fi e ar-condicionado, localizada no Bloco D.","Bloco D, Sala de aula"
11,002D,-10.6818033,-37.4364277,"Sala de aula equipada com projetor, acesso a Wi-Fi e ar-condicionado, localizada no Bloco D.","Bloco D, Sala de aula"
12,007D,-10.6818444,-37.4364505,"Sala de aula equipada com projetor, acesso a Wi-Fi e ar-condicionado, localizada no Bloco D.","Bloco D, Sala de aula"
13,006D,-10.6818850,-37.4364438,"Sala de aula equipada com projetor, acesso a Wi-Fi e ar-condicionado, localizada no Bloco D.","Bloco D, Sala de aula"
14,lafise 003D,-10.6818790,-37.4364200,"Laboratório de Fisiologia de Sementes.","Bloco D, Departamento, Laboratório, Biologia"
15,Labimc,-10.6818537,-37.4364143,"Laboratório de Bioquímica e Microbiologia.","Bloco D, Departamento, Laboratório, Biologia, Química"
16,005D,-10.6818645,-37.4364814,"Sala de aula equipada com projetor, acesso a Wi-Fi e ar-condicionado, localizada no Bloco D.","Bloco D, Sala de aula"
17,Laboratório de Ensino Biologia I 004,-10.6818678,-37.4364281,"Laboratório utilizado para a área de Biologia.","Bloco D, Departamento, Laboratório, Biologia"
18,Saida Resun Bloco D,-10.6819752,-37.4364616,"Saída do Bloco D para acesso ao Resun.","Bloco D, Resun"
33,Refeitório,-10.682002,-37.436561,"Restaurante Universitário da Universidade Federal de Sergipe.","Resun"
19,Banheiro M Bloco D,-10.6815529,-37.4364619,"Banheiro masculino localizado no Bloco D.","Bloco D, Banheiro"
20,Banheiro F Bloco D,-10.6815885,-37.4364321,"Banheiro feminino localizado no Bloco D.","Bloco D, Banheiro"
21,Entrada 1 andar BLOCO D,-10.681691,-37.436425,"Entrada de escada para acesso ao primeiro andar, com hall para estudos, localizada no Bloco D.","Bloco D, Entrada, Escada, Hall"
30,Entrada departamento superior,-10.6815779,-37.4364817,"Entrada de acesso aos departamentos superios, localizada no Bloco D.","Bloco D, Departamento, Corredor"
31,Entrada corredor 1 superior,-10.681627,-37.436454,"Entradas para os departamentos de Sistemas de Informação e contabilidade, localizadas no Bloco D.","Bloco D, Entrada, Corredor, Departamento, Sistemas de informação, Contabilidade"
114,Secretaria quimica,-10.681597,-37.436469,"Secretaria do Departamento de Química, localizada no Bloco D.","Bloco D, Corredor, Departamento, Secretaria, Quimica"
115,Entrada corredor 2 superior,-10.6815147,-37.4367395,"Entradas para os departamentos de Letras e Matemática, localizadas no Bloco D.","Bloco D, Corredor, Departamento, Letras, Matemática"
105,Sala dosea-methanias,-10.681660,-37.436522,"Sala dos professores Marcos Dósea e Methanias Colaço, localizada no Bloco D.","Bloco D, Corredor, Departamento, Sala Professor, Sistemas de informação"
98,Sala andre luiz/jose carlos,-10.81611,-37.436518,"Sala dos professores André Luís e José Carlos, localizada no Bloco D.","Bloco D, Corredor, Departamento, Sala Professor, Sistemas de informação"
107,maily/alcides,-10.681634,-37.436558,"Sala dos professores Mai-Ly Vanessa e Alcides Xavier, localizada no Bloco D.","Bloco D, Corredor, Departamento, Sala Professor, Sistemas de informação"
108,Sala Joseval/raphael,-10.681610,-37.436557,"Sala dos professores Joseval Santana e Raphael Oliveira, localizada no Bloco D.","Bloco D, Corredor, Departamento, Sala Professor, Sistemas de informação"
100,Almoxarifado provisorio,-10.681620,-37.436560,"Local provisório para armazenamento e gestão de materiais e suprimentos, localizado no Bloco D.","Bloco D, Corredor, Almoxarifado"
101,Sala nirly/joao paulo,-10.681636,-37.436471,"Sala dos professores Nirly dos Reis e João Paulo Lima, localizada no Bloco D.","Bloco D, Corredor, Departamento, Sala Professor, Química"
106,Sala marcelo/victor,-10.681618,-37.436551,"Sala dos professores Marcelo leite e Victor Sarmento, localizada no Bloco D.","Bloco D, Corredor, Departamento, Sala Professor, Química"
104,Sala andre vini/andres ignacio,-10.681613,-37.436540,"Sala dos professores André Vinícius e Andrés Ignácio, localizada no Bloco D.","Bloco D, Corredor, Departamento, Sala Professor, Sistemas de informação"
103,Sala jose aelio,-10.681635,-37.436579,"Sala do professor José Aélio, localizado no Bloco D.","Bloco D, Corredor, Departamento, Sala Professor, Sistemas de informação"
102,Secretaria dsi,-10.681624,-37.436564,"Secretaria do Departamento de Sistemas de Informação, localizada no Bloco D.","Bloco D, Corredor, Departamento, Secretaria, Sistemas de informação"
138,Sala Adriana/vilma,-10.6815413,-37.4365736,"Sala dos professores Adriana Sacramento e Vilma Mota, localizada no Bloco D.","Bloco D, Corredor, Departamento, Sala Professor, Letras"
136,Sala beto vianna,-10.681542,-37.4365726,"Sala do professor Beto Vianna, localizada no Bloco D.","Bloco D, Corredor, Departamento, Sala Professor, Letras"
116,Secretaria letras,-10.6815334,-37.4366514,"Secretaria do Departamento de Letras, localizada no Bloco D.","Bloco D, Corredor, Departamento, Secretaria, Letras"
135,Sala Renata/valeria,-10.6815443,-37.4364774,"Sala dos professores Renata Kaminski e Valéria de Barros, localizada no Bloco D.","Bloco D, Corredor, Departamento, Sala Professor, Química"
125,Sala Luciano/ivy,-10.6815479,-37.4364717,"Sala dos professores Luciano Fraga e Ivy Nobre, localizada no Bloco D.","Bloco D, Corredor, Departamento, Sala Professor, Química"
126,Sala Christina/marcia,-10.6815357,-37.4365665,"Sala dos professores Christina Ramalho e Márcia Regina, localizada no Bloco D.","Bloco D, Corredor, Departamento, Sala Professor, Letras"
127,Sala Derli/luiz,-10.6815318,-37.4366178,"Sala dos professores Derli de Oliveira e Luiz Costa, localizada no Bloco D.","Bloco D, Corredor, Departamento, Sala Professor, Letras"
128,Sala Fabio/Jeane,-10.6815324,-37.4365826,"Sala dos professores Fábio Elias e Jeane de Cássia, localizada no Bloco D.","Bloco D, Corredor, Departamento, Sala Professor, Letras"
137,entrada escada,-10.6815282,-37.4367419,"Entrada para a escada na parte de trás do Bloco D, oferecendo acesso facilitado aos departamentos.","Bloco D, Escada, Departamento"
140,Sala reunioes bloco D parte de baixo,-10.6815351,-37.4367097,"Sala de reuniões localizada na parte de trás do Bloco D.","Bloco D, Reunião"
97,Sala Maria/Jessica,-10.681578,-37.436398,"Sala das professoras Maria Rufino e Jéssica Mendonça, localizada no Bloco D.","Bloco D, Corredor, Departamento, Sala Professor, Contabilidade"
99,Sala Gustavo/luiz bruno,-10.681636,-37.436474,"Sala dos professores Edjane Oliveira, Gustavo Costa e Luiz Lisboa, localizada no Bloco D.","Bloco D, Corredor, Departamento, Sala Professor, Contabilidade"
32,Sala Pablo/Silvia,-10.6816000,-37.4364569,"Sala dos professores Pablo de Andrade e Silvia Correira, localizada no Bloco D.","Bloco D, Corredor, Departamento, Sala Professor, Contabilidade"
109,Sala flavio/Assirleide,-10.6815911,-37.4364683,"Sala dos professores Flávio Reis e Assirleide Brito, localizada no Bloco D.","Bloco D, Corredor, Departamento, Sala Professor, Contabilidade"
111,Sala alex fabiano/juliano,-10.6816412,-37.4364153,"Sala dos professores Alex Santana e Juliano de Faria, localizada no Bloco D.","Bloco D, Corredor, Departamento, Sala Professor, Contabilidade"
130,Sala eder/wagner,-10.6815822,-37.4364093,"Sala dos professores Éder de Souza e Wagner Santos, localizada no Bloco D.","Bloco D, Corredor, Departamento, Sala Professor, Matemática"
131,Sala charles/viviane,-10.681561,-37.436470,"Sala dos professores Charles Amorim e Viviane Aquino, localizada no Bloco D.","Bloco D, Corredor, Departamento, Sala Professor, Matemática"
133,Sala alejandro/aislan,-10.681589,-37.436427,"Sala dos professores Alejandro Roque e Aislan Fontes, localizada no Bloco D.","Bloco D, Corredor, Departamento, Sala Professor, Matemática"
113,Secretaria contábeis,-10.6816389,-37.4363707,"Secretaria do Departamento de Contabilidade, localizada no Bloco D.","Bloco D, Corredor, Departamento, Secretaria, Contabilidade"
110,Laboratório contabilidade,-10.6816415,-37.4363811,"Laboratório utilizado para a área de Contabilidade.","Bloco D, Departamento, Laboratório, Contabilidade"
134,Secretaria de matemática,-10.6815960,-37.4363402,"Secretaria do Departamento de Matemática, localizada no Bloco D.","Bloco D, Corredor, Departamento, Secretaria, Matemática"
112,giec,-10.681612,-37.4363654,"Grupo de Pesquisa Gestão da Informação e Evidenciação Contábil, localizado no Bloco D.","Bloco D, Corredor, Departamento, Secretaria, Contabilidade, Pesquisa"
120,Laboratório Matemática,-10.6815117,-37.4363483,"Laboratório utilizado para a área de Matemática, localizado no Bloco D.","Bloco D, Departamento, Laboratório, Matemática"
118,Sala alan almeida/ricardo,-10.6815525,-37.4363825,"Sala dos professores Alan Almeida e Ricardo Benito, localizada no Bloco D.","Bloco D, Corredor, Departamento, Sala Professor, Matemática"
121,Sala marta elid/teresa cristina,-10.6814952,-37.4363694,"Sala dos professores Marta Amorim e Teresa Cristina, localizada no Bloco D.","Bloco D, Corredor, Departamento, Sala Professor, Matemática"
117,Sala fabio lima/samuel,-10.6815417,-37.4364167,"Sala dos professores Fábio lima e Samuel Brito, localizada no Bloco D.","Bloco D, Corredor, Departamento, Sala Professor, Matemática"
119,Sala rafael neves/mateus,-10.6815114,-37.4363583,"Sala dos professores Rafael Neves e Mateus Alegri, localizado no Bloco D.","Bloco D, Corredor, Departamento, Sala Professor, Matemática"
122,Sala moacir heloisa,-10.6815746,-37.4364546, "Sala dos professores Moacir S. Andrade e Heloisa de Mello, localizada no Bloco D.","Bloco D, Corredor, Departamento, Sala Professor, Quimica"
124,Sala jean paul/luciene,-10.6815581,-37.4365085,"Sala dos professores Jean Paul d'Antony e Luciene Lages, localizada no Bloco D.","Bloco D, Corredor, Departamento, Sala Professor, Letras"
23,101D,-10.6817690,-37.4364529,"Uma das maiores Salas localizada no Bloco D, equipada com projetor, acesso a Wi-Fi e ar-condicionado.","Bloco D, Sala de aula"
22,108D,-10.6817621,-37.4365092,"Sala de aula equipada com projetor e acesso a Wi-Fi, localizada no Bloco D.","Bloco D, Sala de aula"
24,107D,-10.6818471,-37.4365216,"Sala de aula equipada com projetor, acesso a Wi-Fi e ar-condicionado, localizada no Bloco D.","Bloco D, Sala de aula"
25,102D,-10.6818893,-37.4364472,"Sala de aula equipada com projetor, acesso a Wi-Fi e ar-condicionado, localizada no Bloco D.","Bloco D, Sala de aula"
27,103D,-10.6819021,-37.4364502,"Sala de aula equipada com projetor, acesso a Wi-Fi e ar-condicionado, localizada no Bloco D.","Bloco D, Sala de aula"
29,104D,-10.6819486,-37.4364462,"Sala de aula equipada com projetor, acesso a Wi-Fi e ar-condicionado, localizada no Bloco D.","Bloco D, Sala de aula"
26,106D,-10.6818873,-37.4365236,"Sala de aula equipada com projetor, acesso a Wi-Fi e ar-condicionado, localizada no Bloco D.","Bloco D, Sala de aula"
28,105D,-10.6819370,-37.4365360,"Sala de aula equipada com projetor, acesso a Wi-Fi e ar-condicionado, localizada no Bloco D.","Bloco D, Sala de aula"
36,Entrada bloco C,-10.6817957,-37.4356730,"Entrada de acesso para o Bloco C","Bloco C, Entrada"
39,1 Andar BlocoC escada1,-10.6817169,-37.4355503,"1º Andar no Bloco C, com acesso a escada 1.","Bloco C, Escada"
42,Hall Superior Bloco C,-10.6817782,-37.4356009,"1º Andar no Bloco C, onde encontram-se várias Salas de aula.","Bloco C, Hall"
50,104C,-10.6817104,-37.4355423,"Sala de aula equipada com projetor, acesso a Wi-Fi e ar-condicionado, localizada no Bloco C.","Bloco C, Sala de aula"
51,110C,-10.6816389,-37.4356040,"Sala de aula equipada com projetor, acesso a Wi-Fi e ar-condicionado, localizada no Bloco C.","Bloco C, Sala de aula"
52,105C,-10.6816761,-37.4355617,"Sala de aula equipada com projetor, acesso a Wi-Fi e ar-condicionado, localizada no Bloco C.","Bloco C, Sala de aula"
53,lepem,-10.6816415,-37.4355942,"Laboratório de ensino e pesquisa em educação matemática.","Bloco C, Matemática"
54,Lapeq IV,-10.6816422,-37.4356040,"Laboratório de pesquisa em quimica .","Bloco C, Quimica"
37,Hall Bloco C,-10.6817239,-37.4355838,"Hall localizado no Bloco C.","Bloco C, Hall"
40,Banheiro F Bloco C,-10.6817239,-37.4355590,"Banheiro feminino localizado no Bloco C.","Bloco C, Banheiro"
38,Banheiro M Bloco C,-10.6817301,-37.4355500,"Banheiro masculino localizado no Bloco C.","Bloco C, Banheiro"
41,1 Andar BlocoC escada2,-10.6817647,-37.4355966,"1º Andar no Bloco C, com acesso a escada 2.","Bloco C, Escada"
43,Sala Servidor,-10.6817281,-37.4357089, "Local dedicado ao armazenamento e operação de equipamentos de rede e servidores, garantindo o suporte e a manutenção dos sistemas de TI.","Bloco C"
44,109C,-10.6819509,-37.4355024,"Sala de aula equipada com projetor, acesso a Wi-Fi e ar-condicionado, localizada no Bloco C.","Bloco C, Sala de aula"
45,103C,-10.6818672,-37.4355131,"Sala de aula equipada com projetor, acesso a Wi-Fi e ar-condicionado, localizada no Bloco C.","Bloco C, Sala de aula"
46,108C,-10.6819446,-37.4356006,"Sala de aula equipada com projetor, acesso a Wi-Fi e ar-condicionado, localizada no Bloco C.","Bloco C, Sala de aula"
47,102C,-10.6819383,-37.4355161,"Sala de aula equipada com projetor, acesso a Wi-Fi e ar-condicionado, localizada no Bloco C.","Bloco C, Sala de aula"
49,107C,-10.6820105,-37.4355966,"Sala de aula equipada com projetor, acesso a Wi-Fi e ar-condicionado, localizada no Bloco C.","Bloco C, Sala de aula"
48,101C,-10.6819545,-37.4355151,"Sala de aula equipada com projetor, acesso a Wi-Fi e ar-condicionado, localizada no Bloco C.","Bloco C, Sala de aula"
78,Mini Auditório,-10.6820072,-37.4354507,"Espaço compacto equipado para apresentações e eventos, com assentos para um público reduzido e recursos audiovisuais básicos.", "Auditório"
55,Corredor Bloco C - B,-10.6817611,-37.4354920,"Corredor localizado no Bloco C.","Bloco C, Corredor"
58,Lance,-10.6815067,-37.4354631,"Sala de pesquisa.", "Sala Modular"
59,Sala Modular,-10.6815259,-37.4354534,"Espaço flexível e adaptável, com paredes móveis que permitem reconfiguração para diferentes usos e necessidades.","Sala Modular"
67,Laboratório 1 bloco C,-10.6816260,-37.4353522,"Laratório localizado no Bloco C","Bloco C, Laboratório"
56,Banheiro Container,-10.6814932,-37.4354082,"Banheiro container com estrutura modular.","Banheiro"
Bloco B,X,X,
57,Entrada bloco B,-10.6817015,-37.4352677,"Entrada de acesso para o Bloco B.","Bloco B, Entrada"
60,Biblioteca,-10.6816471,-37.4353414,"espaço acadêmico com acervo de livros, bancos para sentar, mesas, acesso a Wi-Fi, ar condicionado.","Bloco B, Biblioteca"
61,Diaesi,-10.6817660,-37.4352710, "Divisão de assistência estudantil, responsável pelas ações da assistência social, psicologia e orientações pedagógicas que viabilizam as condições de permanência do estudante no curso."Bloco B
64,Saes Serviço Social,-10.6817970,-37.4352586," Sala de Serviço Social.","Bloco B"
63,Brinquedoteca,-10.6817693,-37.4352838, "A brinquedoteca encontra-se reestruturada para acolher crianças das rede pública de ensino e também constitui-se como um espaço formativo no âmbito didático-pedagógico para os discentes do curso de Pedagogia da UFS.", "Bloco B"
62,Labcont2,-10.6816408,-37.4353361,"Laratório utilizado para a área de Sistemas de informação e na área de contabilidade","Bloco B, Laboratório"
68,Laboratório 3,-10.6816405,-37.4353481,"Laratório utilizado para a área de Sistemas de informação.", "Bloco B, Laboratório"
65,Saes Psicologia,-10.6816471,-37.4350202,"Sala de atendimento da(o) psicóloga(o).","Bloco B"
66,Rua CTI,-10.6817934,-37.4353461,"Corredor com as salas na área de Física, Geografia e a CTI. ","Bloco B, CTI, Geografia, Física"
70,CTI,-10.6816827,-37.4352405,"Setor responsável em prestar suporte às atividades acadêmicas e administrativas, e atua na elaboração de projetos de TI, adaptação de sistemas, distribuição e manutenção de equipamentos, entre outras.","Bloco B, CTI"
69,Travessa para Bloco A,-10.6816945,-37.4350202,"Travessa localizada no Bloco A.", "Bloco B, Corredor"
71,Escada Acesso Bloco A,-10.6818003,-37.4349626,"Escada Acesso para o Bloco A.","Bloco A, Escada"
72,Entrada Rampa Bloco A,-10.6815911,-37.4349773,"Entrada da rampa para acessar o Bloco A.","Bloco A, Entrada, Rampa"
73,Entrada Bloco A,-10.6818283,-37.4349079,"Entrada de acesso para o Bloco A.","Bloco A, Entrada"
77,Esquina Bloco A,-10.6820023,-37.4349559,"Esquina localizada no Bloco A.","Bloco A, Corredor"
74,Entrada Vivência,-10.6820125,-37.4345063,"Entrada de acesso para a Vivência.","Vivência, Entrada"
75,Vivência,-10.6820464,-37.4344848,"Entrada de acesso para a Vivência, onde você encontrará bancos para sentar e mesas, além de uma lanchonete.","Vivência"
76,Estacionamento,-10.6816198,-37.4346189,"Estacionamento para motos e bicicletas.","Estacionamento"
81,hall bloco a,-10.681925,-37.434794,"Hall localizado no Bloco B.","Bloco A, Hall"
79,diaci,-10.6818952,-37.4347926,"A Divisão Acadêmico de Itabaiana é responsável por apoiar e conduzir no Campus as atividades relacionadas ao Departamento de Administração Acadêmica (DAA) da Pró-Reitoria de Graduação.","Bloco B"
80,Laboratório geografia a,-10.6818893,-37.4347624,"Laratório utilizado para a área de Geografia.", "Bloco A, Laboratório, Geografia "
83,Almoxarifado,-10.6819192,-37.4348157,"Local onde ocorrem armazenamento e gestão de materiais e suprimentos.","Bloco A, Almoxarifado"
85,secomi,-10.6818939,-37.4348201,"Secretaria de Comunicação de Itabaiana, Responsável por gerenciar e atualizar os canais de comunicação oficiais do Campus.","Bloco B, Secretaria"
86,vice-direcao,-10.6819209,-37.4348157, "Sala do Vice-Diretor.","Bloco A"
84,seci,-10.6818955,-37.4348379, "Secretaria Executiva, Preparar expediente do(a) Diretor(a), auxiliar nas atividades administrativas e acadêmicas, gerenciar frequência e licenças dos técnicos, atender ao público, fornecer informações sobre a agenda, secretariar reuniões, coordenar o Relatório de Gestão Anual, apoiar comunicação e serviços administrativos, e executar atividades delegadas pela Direção.", "Bloco A, Secretaria"
82,almoxarifado de limpeza,-10.6818873,-37.4347976,"Local onde ocorrem armazenamento e gestão de materiais e suprimentos para limpeza.", "Bloco A, Almoxarifado"
94,hall fundo a,-10.6818909,-37.4348077,"Hall localizado no fundo do Bloco A.","Bloco A, Hall"
90,divisao pedagogica e de extensao,-10.6818224,-37.4346893,"Apoia e conduz atividades relacionadas ao Departamento Pedagógico (DEAPE) da Pró-Reitoria de Graduação (PROGRAD) e à Pró-Reitoria de Extensão (PROEX) nas dimensões pedagógicas e extensionistas.","Bloco A, Pedagogia "
89,Laboratório pesquisa quimica,-10.6817927,-37.4347078,"Laboratório de pesquisa utilizado para a área de Quimica.","Laboratório, Pesquisa, Quimica"
123,coadi e diopi,-10.6817851,-37.4347168,"Coordenar levantamento patrimonial e inventários, solicitar e distribuir materiais de escritório, gerenciar transporte e abastecimento, zelar pelos veículos, coordenar movimentação de malotes, receber e encaminhar solicitações postais, gerenciar auditórios e eventos, e apoiar o laboratório LIFE na reserva e manutenção.","Bloco A"
96,Laboratório producao texto,-10.6817851,-37.4347168, "Laboratório de produção de texto utilizado para a área de Letras.","Bloco A, Letras"
95,Sala de monitoria matemática,-10.6818227,-37.4346863,"Sala onde alunos do curso de matemática recebem monitoria.","Bloco A, Sala, Monitoria"
92,Laboratório ensino e pesquisa,-10.6817275,-37.4347735,"Laboratório de ensino e pesquisas.","Bloco A, Laboratório, Pesquisa"
93,Itatech empresa junior,-10.6817301,-37.4348157,"Sala onde integrantes da Itatech Jr fazem reuniões.","Bloco A, Sala, Reunião"
88,Laboratório pesquisa em letras,-10.6817301,-37.4348157,"Laboratório onde fazem pesquisas da matéria de Letras.","Bloco A, Laboratório, Pesquisa"
200,Laboratório interdisciplinar de formação educador (life),-10.6819598,-37.4348037,"Laboratório de apoio ao ensino e à pesquisa.", "Bloco A, Laboratório, Pesquisa"
Sala C 106 nt/planilha,-10.6817281,-37.4357089,"0","0, 0, 0"
201,banheiro bloco C parte superior,-10.6819825,-37.4356066,"0","0, 0, 0"
191,banheiro corredor inferior C,-10.6819683,-37.4356194,"0","0, 0, 0"
192,labev inferior C,-10.6819410,-37.4356338,"Laboratório de Biologia e Ecologia de Vertebrados.","Bloco C, Laboratório, Biologia"
190,LQD I bloco C inferior,-10.6819238,-37.4355366,"0","0, 0, 0"
185,LAPEQ I parte inferior bloco c,-10.6818774,-37.4355396,"Laboratório I de pesquisa em ensino de ciências.","Bloco C, Laboratório, Pesquisa"
LECoB bloco C inferior,-10.6818517,-37.4356090,"Laboratório de ecologia e conservação da biodiversidade.","Bloco C, Laboratório, Pesquisa"
189,LAPEQ II,-10.6818949,-37.4355215,"Laboratório II de ecologia e conservação da biodiversidade.","Bloco C, Laboratório, Pesquisa"
188,LABNEURO,-10.6818662,-37.4356150,"Laboratório de Neurobiologia das Doenças Degenerativas do Sistema Nervoso.","Bloco C, Laboratório, Pesquisa",
184,LAPEQ III,-10.6817957,-37.4355282,"Laboratório III de ecologia e conservação da biodiversidade.","Bloco C, Laboratório, Pesquisa"
197,Laboratório de preparação de matérias e magnetismo,-10.6816982,-37.4355510,"0","0, 0, 0"
199,LQD II,-10.6815407,-37.4355895,"0","0, 0, 0"
194,Laboratório de ensino de física ii,-10.6815716,-37.4355721,"0","0, 0, 0"
193,Sala de forno,-10.6815746,-37.4356127,"0","0, 0, 0"
196,Laboratório de ensino de física i,-10.6816046,-37.4356130,"0","0, 0, 0"
198,Sala de materiais,-10.6815829,-37.4355624,"0","0, 0, 0"
Sala C - Departamento de Biociências,-10.6819021,-37.4355289,"0","0, 0, 0"
hall departamento inferior,-10.6815707,-37.4364727,"0","0, 0, 0"
hall departamento superior,-10.6816049,-37.4364653,"0","0, 0, 0"
132,Laboratório informatica departamento de letras,-10.6815631,-37.4366336,"0","Bloco D, Laboratório, Letras"
167,Secretaria física,-10.6815453,-37.4366547,"Secretaria do Departamento de Física, localizada no Bloco D.","Bloco D, Secretaria, Física"
174,Sala Camilo bruno/Renato santos,-10.6815548,-37.4365287,"Sala dos professores Camilo Bruno e Renato Santos, localizada no Bloco D.","Bloco D, Corredor, Departamento, Sala Professor, Física"
169,Sala Celso josé viana,-10.6814820,-37.4366339,"Sala do professor Celso José Viana, localizada no Bloco D.","Bloco D, Corredor, Departamento, Sala Professor, Física"
171,Sala José Gerivaldo/Fabiano Rabelo,-10.6814626,-37.4365930,"Sala dos professores José Gerivaldo e Fabiano Rabelo, localizada no Bloco D.","Bloco D, Corredor, Departamento, Sala Professor, Física"
173,Sala Adilmo Francisco/Tiago Nery,-10.6814781,-37.4365917,"Sala dos professores Adilmo Francisco e Tiago Nery, localizada no Bloco D.","Bloco D, Corredor, Departamento, Sala Professor, Física"
176,Sala Luciara Benedita/Diógenes Reyes,-10.6814776,-37.4365892,"Sala dos professores Luciara Benedita e Diógenes Reyes, localizada no Bloco D.","Bloco D, Corredor, Departamento, Sala Professor, Física"
170,Sala Cristiano Teles/Juliana Marcela,-10.6814646,-37.4364857,"Sala dos professores Cristiano Teles e Juliana Marcela, localizada no Bloco D.","Bloco D, Corredor, Departamento, Sala Professor, Física"
175,Sala Antônio Vinícius/Alessandra Cabral,-10.6814557,-37.4364512,"Sala dos professores Antônio Vinícius e Alessandra Cabral, localizada no Bloco D.","Bloco D, Corredor, Departamento, Sala Professor, Administração"
168,Sala Ivanilda Silva/Valdice Barbosa,-10.6814543,-37.4364510,"Sala das professoras Ivanilda Silva e Valdice Barbosa, localizada no Bloco D.","Bloco D, Corredor, Departamento, Sala Professor, Administração"
166,Sala Daniele Monique/José Maxuel,-10.6814540,-37.4364505,"Sala dos professores Daniele Monique e José Maxuel, localizada no Bloco D.","Bloco D, Corredor, Departamento, Sala Professor, Administração"
155,Sala Valdenira Meneses/Marcos Antônio,-10.6814547,-37.4364589,"Sala dos professores Valdenira Meneses e Marcos Antônio, localizada no Bloco D.","Bloco D, Corredor, Departamento, Sala Professor, Administração"
156,Sala de estudos Administração,-10.681473,-37.436484,"Sala de estudos reservada para área de Administração","Bloco D, Corredor, Departamento, Administração"
172,Sala Cristiano Aprigio/Daniel Rodrigues,-10.681564,-37.436476,"Sala dos professores Cristiano Aprigio dos Santos e Daniel Rodrigues de Lira, localizada no Bloco D.","Bloco D, Corredor, Departamento, Sala Professor, Geografia"
159,Sala Fabrícia de Oliveira/Larissa Monteiro,-10.681613,-37.436416,"Sala dos professores Fabricia de Oliveira Santos e Larissa Moneiro Rafael, localizada no Bloco D.","Bloco D, Corredor, Departamento, Sala Professor, Geografia"
158,Sala Daniel Almeida/José Hunaldo,-10.681554,-37.436438,"Sala dos professores Daniel Almeida da Silva e José Hunaldo Lima, localizada no Bloco D.","Bloco D, Corredor, Departamento, Sala Professor, Geografia"
160,Sala Josefa de Lisboa/Ana Rocha,-10.681606,-37.436427,"Sala dos professores Josefa de Lisboa Santos e Ana Rocha dos Santos, localizada no Bloco D.","Bloco D, Corredor, Departamento, Sala Professor, Geografia"
162,Sala Oscar Alfredo/Marleide Maria,-10.6816115,-37.4363727,"Sala dos professores Oscar Alfredo Sobarzo Miño e Marleide Maria Santos Sergio, localizada no Bloco D.","Bloco D, Corredor, Departamento, Sala Professor, Geografia"
161,Secretaria Geografia,-10.6815720,-37.4363345,"Secretaria do Departamento de Geografia, localizada no Bloco D.","Bloco D, Secretaria, Geografia"
163,laboratório informática geografia,-10.6815641,-37.4363308,"Laboratório de informática utilizado para a área de Geografia.","Bloco D, Departamento, Laboratório, Geografia"
157,Sala Marcelo Alves/Vanessa Dias,-10.681555,-37.436453,"Sala dos professores Marcelo Alves e Vanessa Dias, localizada no Bloco D.","Bloco D, Corredor, Departamento, Sala Professor, Geografia"
165,Sala maria andréa,-10.6814573,-37.4364676,"Sala da professora Maria Andrea Rocha Escobar, localizada no Bloco D.","Bloco D, Corredor, Departamento, Sala Professor, Administração"
144,Secretaria administração,-10.6815285,-37.4364422,"Secretaria do Departamento de Administração, localizada no Bloco D.","Bloco D, Secretaria, Administração"
Sala 6 no departamento de biologia,-10.6815908,-37.4365655,"0","0, 0, 0"
Sala 3 no departamento de biologia,-10.6815908,-37.4365655,"0","0, 0, 0"
146,Sala José Ronaldo/Eduardo José,-10.6815911,-37.4366068,"Sala dos professores Jose Ronaldo dos Santos, Eduardo José dos Reis Dias, localizada no Bloco D.","Bloco D, Corredor, Departamento, Sala Professor, Biologia"
139,Sala Marcos Vinicius Meiado,-10.6815957,-37.4366219,"Sala do professor Marcos Vinicius Meiado, localizada no Bloco D.","Bloco D, Corredor, Departamento, Sala Professor, Biologia"
141,Sala lia midori/márcio andrei,-10.6815940,-37.4366214,"Sala dos professores Lia Midori Meyer Nascimento, Márcio Andrei Guimarães, localizada no Bloco D.","Bloco D, Corredor, Departamento, Sala Professor, Biologia"
145,Sala Célia Gomes/Ricardo santos,-10.6815949,-37.4366214,"Sala dos professores Célia Gomes de Siqueira, Ricardo Santos do Carmo, localizada no Bloco D.","Bloco D, Corredor, Departamento, Sala Professor, Biologia"
Sala 9 no departamento de biologia,-10.6815937,-37.4366210,"0","0, 0, 0"
142,Sala juliano ricardo fabricante,-10.6815940,-37.4366205,"Sala do professor Juliano Ricardo Fabricante, localizada no Bloco D.","Bloco D, Corredor, Departamento, Sala Professor, Biologia"
141,Sala márcio andrei guimarães/lia midori/tainan amorim,-10.6816161,-37.4366990,"Sala dos professores Márcio Andrei Guimarães, Lia Midori Meyer Nascimento, Tainan Amorim, localizada no Bloco D.","Bloco D, Corredor, Departamento, Sala Professor, Biologia"
143,Secretaria biociências,-10.6816160,-37.4366987,"Secretaria do Departamento de Biociências, localizada no Bloco 0.","Bloco 0, Secretaria, Biociências"
150,laboratório de informática Educação,-10.681788,-37.436243,"Laboratório de informática utilizado para a área de Educação.","Bloco D, Departamento, Laboratório, Educação"
149,Secretaria Educação,-10.681701,-37.436283,"Secretaria do Departamento de Educação, localizada no Bloco D.","Bloco D, Secretaria, Educação"
152,Sala Bruno Cerqueira/Dilma Barros/Maria Jeane,-10.681713,-37.436340,"Sala dos professores Bruno Cerqueira, Dilma Barros e Maria Jeane localizada no Bloco D.","Bloco D, Corredor, Departamento, Sala Professor, Educação"
153,Sala Joelma carvalho/Marilene Santos/Simone,-10.681614,-37.436335,"Sala dos professores Joelma Carvalho, Marilene Santos e Simone Rodrigues, localizada no Bloco D.","Bloco D, Corredor, Departamento, Sala Professor, Educação"
87,Sala João Paulo/Marcos Aurélio/Paulo Sérgio,-10.681565,-37.436392,"Sala dos professores João Paulo, Marcos Aurélio e Paulo Sérgio, localizada no Bloco D.","Bloco D, Corredor, Departamento, Sala Professor, Educação"
154,Sala Lívia Jéssica/Maria Batista/Marilene Batista,-10.681594,-37.436451,"Sala dos professores Lívia Jéssica, Maria Batista e Marilene Batista localizada no Bloco D.","Bloco D, Corredor, Departamento, Sala Professor, Educação"
148,Sala Fernanda Amorim/Isabela Rosália/Sule Samaio,-10.681587,-37.436447,"Sala dos professores Fernanda Amorim, Isabela Rosália e Sule Samaio, localizada no Bloco D.","Bloco D, Corredor, Departamento, Sala Professor, Educação"
147,Sala Daisy Mara/Mônica Andrade/Paulo Sérgio,-10.681572,-37.436450,"Sala dos professores Daisy Mara, Mônica Andrade e Paulo Sérgio, localizada no Bloco D.","Bloco D, Corredor, Departamento, Sala Professor, Educação"
91,entrada departamento inferior - Bloco D,"-10,6816306","-37,4364576"
129,entrada corredor 1 inferior - Bloco D,"-10,6815707","-37,4364727"
151,entrada corredor 2 inferior - Bloco D,"-10,6815123","-37,4364971"
178,escada esq xerox,"-10,6816207","-37,4357666"
179,escada dir xerox,-10.6818622,-37.4358115
181,entrada principal auditorio,"-10,6817084","-37,4357679"
187,auditorio,-10.681.690,-37.436.118
177,entrada lateral do auditorio,-10.681.623,-37.436.054
186,entrada lateral evento auditorio,-10.681.896,-37.436.056
182,hall eventos auditorio,-10.681.968,-37.436.017
183,esquina auditorio,-10.6818813,"-37,4359087"
180,hall auditorio bancos,-10.681.883,-37.435855